client timestamp,button,state,x,y
5270,NoButton,Move,636,620
5307,NoButton,Move,637,620
5366,NoButton,Move,638,620
5374,NoButton,Move,639,620
5390,NoButton,Move,644,620
5407,NoButton,Move,649,618
5424,NoButton,Move,655,614
5440,NoButton,Move,669,610
5457,NoButton,Move,684,602
5474,NoButton,Move,698,593
5490,NoButton,Move,709,585
5507,NoButton,Move,719,577
5524,NoButton,Move,725,566
5541,NoButton,Move,729,551
5557,NoButton,Move,731,536
5573,NoButton,Move,731,518
5590,NoButton,Move,729,506
5607,NoButton,Move,727,497
5624,NoButton,Move,726,493
5640,NoButton,Move,724,492
5710,NoButton,Move,725,492
5724,NoButton,Move,728,493
5741,NoButton,Move,737,500
5757,NoButton,Move,753,510
5774,NoButton,Move,794,524
5790,NoButton,Move,823,532
5807,NoButton,Move,845,535
5824,NoButton,Move,851,535
5853,NoButton,Move,849,533
5861,NoButton,Move,842,529
5874,NoButton,Move,830,526
5890,NoButton,Move,799,515
5907,NoButton,Move,763,504
5924,NoButton,Move,734,499
5940,NoButton,Move,719,498
5957,NoButton,Move,714,498
5974,NoButton,Move,712,498
5991,NoButton,Move,712,497
6007,NoButton,Move,720,496
6024,NoButton,Move,735,496
6040,NoButton,Move,761,498
6057,NoButton,Move,790,504
6074,NoButton,Move,824,511
6090,NoButton,Move,850,516
6107,NoButton,Move,862,518
6124,NoButton,Move,864,518
6149,NoButton,Move,863,519
6157,NoButton,Move,861,519
6174,NoButton,Move,848,518
6190,NoButton,Move,827,516
6207,NoButton,Move,799,511
6223,NoButton,Move,764,502
6240,NoButton,Move,727,489
6257,NoButton,Move,700,478
6274,NoButton,Move,678,467
6290,NoButton,Move,664,458
6307,NoButton,Move,654,453
6324,NoButton,Move,650,451
6340,NoButton,Move,648,450
6357,NoButton,Move,646,450
6374,NoButton,Move,641,450
6390,NoButton,Move,634,449
6407,NoButton,Move,628,448
6424,NoButton,Move,623,447
6440,NoButton,Move,619,445
6457,NoButton,Move,618,445
6679,Left,Pressed,618,445
6701,Left,Drag,619,446
6724,Left,Drag,635,452
6741,Left,Drag,665,463
6758,Left,Drag,750,498
6774,Left,Drag,820,522
6791,Left,Drag,890,550
6808,Left,Drag,951,575
6824,Left,Drag,999,594
6841,Left,Drag,1026,604
6857,Left,Drag,1038,611
6874,Left,Drag,1043,613
6890,Left,Drag,1045,615
6907,Left,Drag,1046,617
6924,Left,Drag,1046,618
7005,Left,Drag,1046,619
7024,Left,Drag,1041,619
7040,Left,Drag,1027,615
7058,Left,Drag,1013,611
7074,Left,Drag,1004,607
7091,Left,Drag,999,604
7107,Left,Drag,997,603
7125,Left,Drag,996,602
7141,Left,Drag,996,601
7191,Left,Drag,995,601
7246,Left,Released,995,601
7274,NoButton,Move,995,601
7358,NoButton,Move,995,600
7374,NoButton,Move,994,599
7390,NoButton,Move,992,596
7407,NoButton,Move,989,592
7424,NoButton,Move,983,589
7440,NoButton,Move,978,583
7457,NoButton,Move,969,576
7474,NoButton,Move,961,567
7490,NoButton,Move,952,558
7507,NoButton,Move,943,550
7524,NoButton,Move,934,539
7541,NoButton,Move,930,530
7557,NoButton,Move,927,524
7573,NoButton,Move,927,519
7590,NoButton,Move,927,516
7607,NoButton,Move,928,514
7623,NoButton,Move,930,510
7640,NoButton,Move,931,508
7657,NoButton,Move,933,505
7673,NoButton,Move,933,504
7690,NoButton,Move,934,501
7707,NoButton,Move,934,498
7724,NoButton,Move,934,495
7740,NoButton,Move,934,493
7757,NoButton,Move,934,492
7774,NoButton,Move,934,488
7790,NoButton,Move,934,486
7807,NoButton,Move,934,484
7823,NoButton,Move,934,481
7840,NoButton,Move,934,478
7857,NoButton,Move,934,475
7874,NoButton,Move,934,472
7890,NoButton,Move,934,469
7907,NoButton,Move,934,466
7924,NoButton,Move,934,465
7940,NoButton,Move,934,462
7957,NoButton,Move,934,460
7974,NoButton,Move,934,458
7991,NoButton,Move,934,457
8013,NoButton,Move,934,456
8768,Right,Pressed,934,456
8901,Right,Released,934,456
9245,NoButton,Move,935,455
9269,NoButton,Move,935,456
9277,NoButton,Move,935,457
9290,NoButton,Move,935,460
9307,NoButton,Move,935,463
9324,NoButton,Move,936,466
9340,NoButton,Move,936,469
9357,NoButton,Move,936,470
9373,NoButton,Move,936,471
9390,NoButton,Move,936,473
9407,NoButton,Move,936,474
9424,NoButton,Move,936,476
9440,NoButton,Move,938,478
9457,NoButton,Move,941,484
9474,NoButton,Move,944,491
9490,NoButton,Move,949,498
9507,NoButton,Move,954,506
9524,NoButton,Move,962,516
9540,NoButton,Move,968,524
9557,NoButton,Move,973,529
9573,NoButton,Move,977,537
9590,NoButton,Move,980,542
9607,NoButton,Move,982,547
9623,NoButton,Move,983,551
9640,NoButton,Move,983,552
9657,NoButton,Move,983,554
9674,NoButton,Move,983,555
9690,NoButton,Move,983,557
9707,NoButton,Move,983,558
9735,Right,Pressed,983,558
9837,Right,Released,983,558
9990,NoButton,Move,983,559
10007,NoButton,Move,979,558
10023,NoButton,Move,964,551
10040,NoButton,Move,943,539
10057,NoButton,Move,924,525
10074,NoButton,Move,911,508
10090,NoButton,Move,897,485
10107,NoButton,Move,878,461
10123,NoButton,Move,854,438
10140,NoButton,Move,829,417
10157,NoButton,Move,806,399
10173,NoButton,Move,764,377
10190,NoButton,Move,740,366
10207,NoButton,Move,728,362
10224,NoButton,Move,722,359
10240,NoButton,Move,719,358
10257,NoButton,Move,714,356
10273,NoButton,Move,710,355
10290,NoButton,Move,703,353
10307,NoButton,Move,697,350
10324,NoButton,Move,693,348
10340,NoButton,Move,688,346
10357,NoButton,Move,679,344
10373,NoButton,Move,664,340
10390,NoButton,Move,659,339
10407,NoButton,Move,653,338
10424,NoButton,Move,647,337
10440,NoButton,Move,641,335
10457,NoButton,Move,638,335
10473,NoButton,Move,636,334
10519,Left,Pressed,636,334
10549,Left,Drag,636,333
10574,Left,Drag,646,322
10590,Left,Drag,667,308
10607,Left,Drag,698,291
10624,Left,Drag,735,271
10640,Left,Drag,771,254
10657,Left,Drag,801,242
10674,Left,Drag,824,232
10690,Left,Drag,843,224
10707,Left,Drag,855,219
10724,Left,Drag,861,215
10740,Left,Drag,865,211
10757,Left,Drag,867,209
10773,Left,Drag,869,206
10790,Left,Drag,871,204
10807,Left,Drag,873,201
10824,Left,Drag,877,195
10840,Left,Drag,881,190
10857,Left,Drag,884,183
10874,Left,Drag,885,179
10890,Left,Drag,885,175
10907,Left,Drag,885,172
10924,Left,Drag,885,170
10941,Left,Drag,884,169
10957,Left,Drag,884,168
11054,Left,Released,884,168
11074,NoButton,Move,884,168
11123,NoButton,Move,883,168
11140,NoButton,Move,879,170
11157,NoButton,Move,875,173
11173,NoButton,Move,865,181
11190,NoButton,Move,858,191
11207,NoButton,Move,851,202
11223,NoButton,Move,842,216
11240,NoButton,Move,831,232
11257,NoButton,Move,820,250
11273,NoButton,Move,805,266
11290,NoButton,Move,782,285
11307,NoButton,Move,748,304
11323,NoButton,Move,706,322
11340,NoButton,Move,671,337
11357,NoButton,Move,638,349
11374,NoButton,Move,602,364
11390,NoButton,Move,582,369
11407,NoButton,Move,567,371
11423,NoButton,Move,554,371
11440,NoButton,Move,541,371
11457,NoButton,Move,526,371
11473,NoButton,Move,513,371
11490,NoButton,Move,504,371
11507,NoButton,Move,496,371
11524,NoButton,Move,491,371
11540,NoButton,Move,489,371
11557,NoButton,Move,487,372
11766,NoButton,Move,488,372
11781,NoButton,Move,489,372
11790,NoButton,Move,490,372
11807,NoButton,Move,493,373
11837,NoButton,Move,494,373
11885,NoButton,Move,495,373
11901,NoButton,Move,496,374
11950,Left,Pressed,496,374
12029,Left,Released,496,374
12073,NoButton,Move,497,374
12123,NoButton,Move,498,374
12140,NoButton,Move,500,375
12157,NoButton,Move,504,377
12173,NoButton,Move,521,382
12190,NoButton,Move,549,388
12207,NoButton,Move,595,392
12223,NoButton,Move,658,392
12240,NoButton,Move,723,384
12257,NoButton,Move,766,378
12273,NoButton,Move,787,374
12290,NoButton,Move,791,374
12307,NoButton,Move,792,374
12323,NoButton,Move,791,382
12340,NoButton,Move,784,394
12357,NoButton,Move,776,408
12373,NoButton,Move,761,426
12390,NoButton,Move,748,436
12407,NoButton,Move,736,443
12423,NoButton,Move,728,449
12440,NoButton,Move,722,452
12457,NoButton,Move,718,454
12474,NoButton,Move,716,455
12490,NoButton,Move,714,456
12507,NoButton,Move,713,456
12523,NoButton,Move,712,456
12540,NoButton,Move,709,456
12557,NoButton,Move,706,454
12573,NoButton,Move,700,449
12590,NoButton,Move,696,447
12607,NoButton,Move,693,445
12623,NoButton,Move,693,444
12640,NoButton,Move,693,443
12657,NoButton,Move,691,442
12711,Left,Pressed,691,442
12724,Left,Drag,691,441
12740,Left,Drag,691,437
12757,Left,Drag,699,426
12774,Left,Drag,725,395
12790,Left,Drag,752,368
12807,Left,Drag,783,337
12824,Left,Drag,816,305
12840,Left,Drag,840,279
12857,Left,Drag,855,261
12874,Left,Drag,868,246
12890,Left,Drag,878,236
12907,Left,Drag,883,230
12924,Left,Drag,886,228
12940,Left,Drag,886,227
12957,Left,Drag,887,227
12974,Left,Drag,889,226
12991,Left,Drag,891,224
13007,Left,Drag,895,221
13024,Left,Drag,898,217
13041,Left,Drag,902,213
13057,Left,Drag,903,210
13074,Left,Drag,905,207
13090,Left,Drag,907,203
13107,Left,Drag,909,200
13124,Left,Drag,911,199
13140,Left,Drag,911,197
13157,Left,Drag,911,196
13174,Left,Drag,912,195
13198,Left,Released,912,195
13223,NoButton,Move,912,195
13246,NoButton,Move,911,196
13257,NoButton,Move,910,196
13274,NoButton,Move,902,200
13290,NoButton,Move,888,209
13307,NoButton,Move,870,220
13324,NoButton,Move,850,233
13340,NoButton,Move,829,247
13357,NoButton,Move,808,261
13373,NoButton,Move,780,284
13390,NoButton,Move,762,298
13407,NoButton,Move,743,314
13423,NoButton,Move,719,328
13440,NoButton,Move,700,342
13457,NoButton,Move,691,354
13473,NoButton,Move,689,359
13490,NoButton,Move,690,361
13507,NoButton,Move,698,361
13523,NoButton,Move,718,361
13540,NoButton,Move,747,361
13557,NoButton,Move,774,361
13573,NoButton,Move,808,361
13590,NoButton,Move,824,362
13607,NoButton,Move,832,363
13623,NoButton,Move,837,364
13640,NoButton,Move,840,364
13657,NoButton,Move,844,364
13673,NoButton,Move,847,364
13690,NoButton,Move,849,364
13707,NoButton,Move,852,364
13723,NoButton,Move,853,364
13740,NoButton,Move,854,364
13757,NoButton,Move,856,364
13815,NoButton,Move,857,365
13815,Left,Pressed,857,365
13840,Left,Drag,855,366
13857,Left,Drag,842,368
13874,Left,Drag,815,368
13890,Left,Drag,776,368
13907,Left,Drag,713,368
13924,Left,Drag,635,368
13940,Left,Drag,534,368
13957,Left,Drag,431,379
13973,Left,Drag,308,385
13991,Left,Drag,245,387
14007,Left,Drag,206,389
14024,Left,Drag,176,389
14040,Left,Drag,155,389
14057,Left,Drag,140,389
14074,Left,Drag,127,389
14090,Left,Drag,116,389
14107,Left,Drag,107,389
14124,Left,Drag,102,389
14140,Left,Drag,101,389
14230,Left,Drag,103,389
14240,Left,Drag,104,388
14257,Left,Drag,109,386
14274,Left,Drag,113,386
14290,Left,Drag,118,386
14307,Left,Drag,122,386
14324,Left,Drag,123,386
14390,Left,Drag,124,386
14430,Left,Released,124,386
14457,NoButton,Move,124,386
14477,NoButton,Move,125,387
14501,NoButton,Move,126,388
14517,NoButton,Move,127,388
14525,NoButton,Move,128,388
14540,NoButton,Move,130,388
14557,NoButton,Move,133,388
14573,NoButton,Move,142,390
14590,NoButton,Move,162,395
14607,NoButton,Move,180,397
14623,NoButton,Move,203,401
14640,NoButton,Move,230,402
14657,NoButton,Move,264,402
14675,NoButton,Move,297,402
14690,NoButton,Move,327,404
14706,NoButton,Move,342,405
14723,NoButton,Move,346,405
14740,NoButton,Move,347,405
14822,NoButton,Move,347,406
14829,NoButton,Move,346,406
14840,NoButton,Move,344,407
14861,NoButton,Move,343,407
14877,NoButton,Move,341,408
14893,NoButton,Move,338,409
14907,NoButton,Move,336,410
14923,NoButton,Move,331,410
14940,NoButton,Move,325,410
14957,NoButton,Move,319,410
14973,NoButton,Move,311,410
14990,NoButton,Move,302,410
15007,NoButton,Move,291,410
15023,NoButton,Move,278,410
15040,NoButton,Move,263,410
15056,NoButton,Move,250,410
15073,NoButton,Move,236,410
15090,NoButton,Move,218,408
15107,NoButton,Move,196,403
15123,NoButton,Move,170,395
15140,NoButton,Move,147,389
15157,NoButton,Move,132,383
15173,NoButton,Move,125,381
15190,NoButton,Move,120,379
15207,NoButton,Move,119,378
15223,NoButton,Move,115,376
15240,NoButton,Move,111,375
15257,NoButton,Move,106,373
15273,NoButton,Move,105,372
15290,NoButton,Move,103,371
15307,NoButton,Move,101,370
15323,NoButton,Move,100,369
15382,Left,Pressed,100,369
15390,Left,Drag,99,369
15407,Left,Drag,99,370
15424,Left,Drag,99,373
15440,Left,Drag,99,376
15457,Left,Drag,99,381
15473,Left,Drag,100,385
15490,Left,Drag,101,388
15507,Left,Drag,102,390
15523,Left,Drag,103,390
15542,Left,Drag,103,391
15573,Left,Drag,104,394
15590,Left,Drag,106,396
15646,Left,Drag,107,396
15661,Left,Released,107,396
15690,NoButton,Move,108,396
15707,NoButton,Move,109,395
15766,NoButton,Move,110,395
15807,NoButton,Move,112,394
15823,NoButton,Move,114,393
15840,NoButton,Move,116,393
15857,NoButton,Move,122,393
15873,NoButton,Move,129,393
15890,NoButton,Move,144,394
15907,NoButton,Move,166,398
15923,NoButton,Move,196,403
15940,NoButton,Move,240,413
15957,NoButton,Move,311,428
15973,NoButton,Move,404,450
15991,NoButton,Move,584,492
16007,NoButton,Move,681,519
16023,NoButton,Move,759,539
16040,NoButton,Move,809,556
16057,NoButton,Move,842,569
16073,NoButton,Move,862,577
16090,NoButton,Move,875,584
16107,NoButton,Move,880,587
16123,NoButton,Move,884,591
16140,NoButton,Move,890,595
16157,NoButton,Move,898,600
16173,NoButton,Move,904,606
16190,NoButton,Move,906,608
16207,NoButton,Move,910,611
16223,NoButton,Move,918,614
16240,NoButton,Move,930,619
16257,NoButton,Move,937,621
16273,NoButton,Move,944,623
16301,NoButton,Move,945,623
16340,NoButton,Move,946,623
16365,NoButton,Move,948,623
16389,NoButton,Move,949,622
16405,NoButton,Move,949,621
16413,NoButton,Move,950,621
16429,NoButton,Move,951,621
16440,NoButton,Move,951,620
16456,NoButton,Move,952,620
16473,NoButton,Move,954,619
16490,NoButton,Move,956,618
16509,NoButton,Move,957,618
16525,NoButton,Move,959,618
16573,NoButton,Move,959,617
16639,Left,Pressed,959,617
16685,Left,Released,959,617
16813,NoButton,Move,959,616
16829,NoButton,Move,959,615
16840,NoButton,Move,958,614
16856,NoButton,Move,958,612
16873,NoButton,Move,956,609
16890,NoButton,Move,954,602
16907,NoButton,Move,947,591
16923,NoButton,Move,936,574
16940,NoButton,Move,923,559
16957,NoButton,Move,912,550
16973,NoButton,Move,910,547
17040,NoButton,Move,908,549
17056,NoButton,Move,908,551
17073,NoButton,Move,906,555
17090,NoButton,Move,905,557
17107,NoButton,Move,904,559
17123,NoButton,Move,902,561
17140,NoButton,Move,901,563
17157,NoButton,Move,899,563
17200,Left,Pressed,899,563
17293,Left,Released,899,563
17323,NoButton,Move,898,563
17340,NoButton,Move,897,563
17356,NoButton,Move,892,563
17373,NoButton,Move,886,562
17390,NoButton,Move,871,554
17406,NoButton,Move,862,551
17423,NoButton,Move,853,548
17440,NoButton,Move,846,546
17456,NoButton,Move,840,545
17473,NoButton,Move,836,544
17493,NoButton,Move,835,544
17506,NoButton,Move,833,544
17523,NoButton,Move,827,541
17540,NoButton,Move,814,531
17557,NoButton,Move,793,513
17573,NoButton,Move,760,475
17590,NoButton,Move,673,392
17606,NoButton,Move,593,333
17623,NoButton,Move,513,283
17640,NoButton,Move,452,247
17657,NoButton,Move,420,231
17673,NoButton,Move,399,222
17690,NoButton,Move,386,218
17707,NoButton,Move,380,215
17723,NoButton,Move,374,212
17740,NoButton,Move,367,210
17757,NoButton,Move,357,205
17773,NoButton,Move,351,203
17790,NoButton,Move,345,200
17806,NoButton,Move,341,199
17823,NoButton,Move,334,198
17840,NoButton,Move,327,194
17856,NoButton,Move,317,190
17873,NoButton,Move,308,185
17890,NoButton,Move,296,181
17906,NoButton,Move,282,176
17923,NoButton,Move,271,171
17940,NoButton,Move,266,169
17957,NoButton,Move,265,168
17973,NoButton,Move,264,168
18006,NoButton,Move,264,166
18023,NoButton,Move,268,165
18040,NoButton,Move,272,165
18056,NoButton,Move,279,164
18073,NoButton,Move,285,163
18090,NoButton,Move,290,163
18106,NoButton,Move,294,163
18123,NoButton,Move,295,163
18140,NoButton,Move,296,163
18334,Left,Pressed,296,163
18429,Left,Released,296,163
18517,Left,Pressed,296,163
18605,Left,Released,296,163
18717,NoButton,Move,297,163
18725,NoButton,Move,298,163
18750,NoButton,Move,299,165
18765,NoButton,Move,300,166
18781,NoButton,Move,300,167
18790,NoButton,Move,301,168
18807,NoButton,Move,303,171
18823,NoButton,Move,310,175
18841,NoButton,Move,330,190
18856,NoButton,Move,363,210
18873,NoButton,Move,405,230
18890,NoButton,Move,447,246
18906,NoButton,Move,478,254
18923,NoButton,Move,506,261
18940,NoButton,Move,522,263
18957,NoButton,Move,526,263
18973,NoButton,Move,527,263
19006,NoButton,Move,529,263
19023,NoButton,Move,531,259
19040,NoButton,Move,534,256
19056,NoButton,Move,539,253
19073,NoButton,Move,543,249
19090,NoButton,Move,548,244
19106,NoButton,Move,552,238
19123,NoButton,Move,558,233
19140,NoButton,Move,562,229
19156,NoButton,Move,565,225
19173,NoButton,Move,565,223
19190,NoButton,Move,565,222
19206,Left,Pressed,565,222
19261,Left,Released,565,222
19358,Left,Pressed,565,222
19421,Left,Released,565,222
19613,NoButton,Move,565,224
19623,NoButton,Move,565,229
19640,NoButton,Move,562,243
19656,NoButton,Move,558,266
19673,NoButton,Move,549,297
19690,NoButton,Move,534,333
19707,NoButton,Move,518,360
19723,NoButton,Move,500,385
19740,NoButton,Move,483,411
19756,NoButton,Move,470,440
19773,NoButton,Move,466,468
19790,NoButton,Move,471,497
19806,NoButton,Move,483,509
19823,NoButton,Move,497,517
19840,NoButton,Move,511,525
19856,NoButton,Move,525,530
19873,NoButton,Move,536,535
19890,NoButton,Move,543,538
19906,NoButton,Move,547,540
19923,NoButton,Move,549,542
19940,NoButton,Move,551,544
19956,NoButton,Move,552,546
19973,NoButton,Move,555,549
19990,NoButton,Move,557,553
20006,NoButton,Move,558,554
20079,Left,Pressed,558,554
20123,Left,Drag,552,554
20140,Left,Drag,533,554
20157,Left,Drag,504,548
20174,Left,Drag,420,532
20190,Left,Drag,350,517
20207,Left,Drag,289,504
20223,Left,Drag,254,495
20240,Left,Drag,231,492
20257,Left,Drag,219,488
20273,Left,Drag,215,487
20290,Left,Drag,213,487
20397,Left,Drag,215,487
20423,Left,Drag,224,489
20440,Left,Drag,228,489
20456,Left,Drag,230,490
20485,Left,Drag,231,490
20501,Left,Drag,231,491
20523,Left,Drag,231,492
20540,Left,Drag,231,494
20557,Left,Drag,232,495
20630,Left,Released,232,495
20641,NoButton,Move,232,495
20670,NoButton,Move,233,495
20685,NoButton,Move,234,495
20693,NoButton,Move,237,495
20706,NoButton,Move,239,495
20723,NoButton,Move,249,493
20740,NoButton,Move,265,489
20756,NoButton,Move,288,487
20773,NoButton,Move,317,483
20790,NoButton,Move,372,476
20806,NoButton,Move,418,469
20823,NoButton,Move,468,468
20840,NoButton,Move,527,468
20856,NoButton,Move,605,468
20873,NoButton,Move,687,468
20890,NoButton,Move,765,468
20906,NoButton,Move,839,462
20923,NoButton,Move,899,451
20940,NoButton,Move,950,441
20956,NoButton,Move,993,433
20973,NoButton,Move,1026,426
20990,NoButton,Move,1074,417
21007,NoButton,Move,1097,412
21023,NoButton,Move,1113,407
21039,NoButton,Move,1119,405
21057,NoButton,Move,1123,404
21073,NoButton,Move,1125,403
21126,NoButton,Move,1127,402
21141,NoButton,Move,1129,401
21156,NoButton,Move,1130,401
21173,NoButton,Move,1137,399
21190,NoButton,Move,1144,399
21206,NoButton,Move,1151,399
21223,NoButton,Move,1158,399
21240,NoButton,Move,1164,399
21257,NoButton,Move,1168,399
21273,NoButton,Move,1173,398
21289,NoButton,Move,1179,397
21306,NoButton,Move,1188,395
21323,NoButton,Move,1194,393
21340,NoButton,Move,1196,392
21375,Left,Pressed,1196,392
21461,Left,Released,1196,392
21573,NoButton,Move,1195,392
21589,NoButton,Move,1188,395
21606,NoButton,Move,1172,398
21623,NoButton,Move,1154,401
21640,NoButton,Move,1136,406
21656,NoButton,Move,1113,407
21673,NoButton,Move,1079,407
21690,NoButton,Move,1039,407
21706,NoButton,Move,990,414
21723,NoButton,Move,956,419
21739,NoButton,Move,928,426
21757,NoButton,Move,907,428
21773,NoButton,Move,889,432
21789,NoButton,Move,861,432
21806,NoButton,Move,851,432
21823,NoButton,Move,848,432
21840,NoButton,Move,847,432
21890,NoButton,Move,846,432
21906,NoButton,Move,844,432
21923,NoButton,Move,839,432
21940,NoButton,Move,832,432
21956,NoButton,Move,820,432
21973,NoButton,Move,807,432
21990,NoButton,Move,789,432
22006,NoButton,Move,778,432
22023,NoButton,Move,768,432
22040,NoButton,Move,762,432
22056,NoButton,Move,758,432
22073,NoButton,Move,755,432
22090,NoButton,Move,751,432
22106,NoButton,Move,747,432
22123,NoButton,Move,745,432
22134,NoButton,Move,743,433
22135,Right,Pressed,743,433
22165,Right,Drag,742,433
22277,Right,Released,742,433
22291,NoButton,Move,742,433
22502,NoButton,Move,741,433
22509,NoButton,Move,739,433
22523,NoButton,Move,734,433
22540,NoButton,Move,719,428
22556,NoButton,Move,697,415
22573,NoButton,Move,656,394
22590,NoButton,Move,554,350
22606,NoButton,Move,467,327
22623,NoButton,Move,380,305
22640,NoButton,Move,289,282
22656,NoButton,Move,212,261
22673,NoButton,Move,164,252
22690,NoButton,Move,144,248
22706,NoButton,Move,138,247
22723,NoButton,Move,137,247
22774,NoButton,Move,136,247
22806,NoButton,Move,136,248
22815,NoButton,Move,136,249
22830,NoButton,Move,135,251
22845,NoButton,Move,134,252
22856,NoButton,Move,133,253
22873,NoButton,Move,132,254
22893,NoButton,Move,132,255
22906,NoButton,Move,132,256
22923,NoButton,Move,132,258
22939,NoButton,Move,132,260
22956,NoButton,Move,132,262
22966,Right,Pressed,132,262
23053,Right,Released,132,262
23077,NoButton,Move,132,263
23094,NoButton,Move,134,264
23106,NoButton,Move,135,264
23123,NoButton,Move,142,266
23140,NoButton,Move,151,267
23156,NoButton,Move,166,271
23173,NoButton,Move,192,275
23189,NoButton,Move,249,288
23206,NoButton,Move,305,298
23223,NoButton,Move,372,310
23239,NoButton,Move,432,323
23256,NoButton,Move,467,330
23273,NoButton,Move,478,331
23289,NoButton,Move,483,332
23306,NoButton,Move,485,333
23323,NoButton,Move,488,336
23339,NoButton,Move,491,339
23356,NoButton,Move,491,341
23373,NoButton,Move,491,343
23390,NoButton,Move,486,345
23406,NoButton,Move,481,345
23423,NoButton,Move,466,345
23440,NoButton,Move,448,342
23456,NoButton,Move,430,339
23473,NoButton,Move,419,336
23489,NoButton,Move,415,334
23506,NoButton,Move,414,334
23523,NoButton,Move,413,333
23539,NoButton,Move,413,332
23556,NoButton,Move,413,331
23615,Left,Pressed,413,331
23693,Left,Released,413,331
23733,NoButton,Move,413,329
23749,NoButton,Move,416,329
23757,NoButton,Move,418,329
23773,NoButton,Move,422,329
23789,NoButton,Move,447,330
23806,NoButton,Move,470,333
23823,NoButton,Move,498,339
23839,NoButton,Move,528,344
23856,NoButton,Move,561,351
23873,NoButton,Move,598,359
23889,NoButton,Move,642,367
23906,NoButton,Move,683,375
23923,NoButton,Move,716,378
23939,NoButton,Move,743,377
23956,NoButton,Move,770,371
23973,NoButton,Move,801,360
23990,NoButton,Move,858,335
24006,NoButton,Move,899,312
24023,NoButton,Move,931,294
24039,NoButton,Move,957,277
24056,NoButton,Move,981,266
24073,NoButton,Move,1000,257
24089,NoButton,Move,1015,251
24106,NoButton,Move,1026,248
24123,NoButton,Move,1032,246
24139,NoButton,Move,1034,245
24156,NoButton,Move,1034,244
24173,NoButton,Move,1037,243
24190,NoButton,Move,1040,241
24206,NoButton,Move,1042,239
24223,NoButton,Move,1043,236
24239,NoButton,Move,1044,233
24256,NoButton,Move,1044,226
24273,NoButton,Move,1041,216
24289,NoButton,Move,1036,205
24306,NoButton,Move,1032,200
24323,NoButton,Move,1029,196
24339,NoButton,Move,1028,193
24389,NoButton,Move,1027,192
24398,Left,Pressed,1027,192
24413,Left,Drag,1026,191
24493,Left,Released,1026,191
24523,NoButton,Move,1026,191
24540,NoButton,Move,1025,191
24556,NoButton,Move,1024,191
24573,NoButton,Move,1022,191
24591,NoButton,Move,1018,192
24609,NoButton,Move,1011,195
24623,NoButton,Move,1003,200
24639,NoButton,Move,992,207
24656,NoButton,Move,980,216
24673,NoButton,Move,963,228
24689,NoButton,Move,936,242
24706,NoButton,Move,897,260
24723,NoButton,Move,850,286
24739,NoButton,Move,816,311
24756,NoButton,Move,799,330
24773,NoButton,Move,793,346
24789,NoButton,Move,792,355
24806,NoButton,Move,793,362
24823,NoButton,Move,797,367
24839,NoButton,Move,801,373
24856,NoButton,Move,811,382
24873,NoButton,Move,822,394
24889,NoButton,Move,828,403
24906,NoButton,Move,834,413
24923,NoButton,Move,838,424
24939,NoButton,Move,843,438
24956,NoButton,Move,848,450
24973,NoButton,Move,853,461
24990,NoButton,Move,855,468
25006,NoButton,Move,855,474
25023,NoButton,Move,855,480
25039,NoButton,Move,855,485
25056,NoButton,Move,855,490
25073,NoButton,Move,855,495
25089,NoButton,Move,855,500
25106,NoButton,Move,853,504
25123,NoButton,Move,853,507
25139,NoButton,Move,853,510
25223,Left,Pressed,853,510
25293,Left,Released,853,510
25373,Left,Pressed,853,510
25453,Left,Released,853,510
25630,NoButton,Move,852,511
25646,NoButton,Move,848,511
25656,NoButton,Move,845,510
25673,NoButton,Move,831,508
25689,NoButton,Move,818,508
25706,NoButton,Move,802,509
25723,NoButton,Move,784,512
25740,NoButton,Move,762,517
25756,NoButton,Move,736,521
25773,NoButton,Move,706,525
25790,NoButton,Move,674,526
25806,NoButton,Move,603,507
25823,NoButton,Move,530,480
25839,NoButton,Move,443,441
25856,NoButton,Move,348,396
25873,NoButton,Move,272,354
25889,NoButton,Move,220,322
25906,NoButton,Move,194,306
25923,NoButton,Move,183,295
25939,NoButton,Move,177,287
25956,NoButton,Move,174,282
25973,NoButton,Move,170,276
25990,NoButton,Move,159,268
26006,NoButton,Move,152,265
26023,NoButton,Move,147,261
26039,NoButton,Move,141,257
26056,NoButton,Move,134,254
26073,NoButton,Move,127,250
26089,NoButton,Move,124,249
26106,NoButton,Move,123,249
26156,NoButton,Move,122,249
26173,NoButton,Move,121,249
26189,NoButton,Move,120,249
26214,NoButton,Move,120,251
26223,NoButton,Move,120,252
26224,Left,Pressed,120,252
26239,Left,Drag,120,256
26256,Left,Drag,124,262
26273,Left,Drag,136,277
26290,Left,Drag,170,303
26307,Left,Drag,234,344
26323,Left,Drag,320,390
26340,Left,Drag,409,434
26357,Left,Drag,488,477
26373,Left,Drag,543,511
26390,Left,Drag,590,539
26407,Left,Drag,604,549
26423,Left,Drag,616,557
26440,Left,Drag,626,564
26456,Left,Drag,637,571
26473,Left,Drag,646,575
26489,Left,Drag,653,578
26506,Left,Drag,656,579
26523,Left,Drag,659,580
26540,Left,Drag,661,580
26556,Left,Drag,662,580
26574,Left,Drag,662,579
26590,Left,Drag,661,577
26606,Left,Drag,659,573
26623,Left,Drag,658,571
26645,Left,Drag,658,570
26673,Left,Drag,658,569
26781,Left,Released,658,569
26791,NoButton,Move,658,569
26813,NoButton,Move,658,568
26823,NoButton,Move,658,567
26839,NoButton,Move,661,565
26856,NoButton,Move,666,563
26873,NoButton,Move,675,559
26889,NoButton,Move,688,552
26906,NoButton,Move,704,543
26923,NoButton,Move,724,530
26940,NoButton,Move,742,516
26956,NoButton,Move,756,502
26973,NoButton,Move,763,484
26990,NoButton,Move,764,452
27006,NoButton,Move,749,423
27023,NoButton,Move,717,385
27039,NoButton,Move,666,341
27056,NoButton,Move,609,298
27073,NoButton,Move,553,257
27089,NoButton,Move,514,233
27106,NoButton,Move,490,219
27123,NoButton,Move,474,209
27139,NoButton,Move,463,201
27156,NoButton,Move,456,195
27173,NoButton,Move,446,190
27189,NoButton,Move,425,181
27206,NoButton,Move,408,175
27223,NoButton,Move,398,172
27239,NoButton,Move,394,171
27256,NoButton,Move,391,171
27273,NoButton,Move,388,171
27289,NoButton,Move,385,171
27306,NoButton,Move,381,171
27323,NoButton,Move,376,171
27340,NoButton,Move,374,171
27383,Left,Pressed,374,171
27485,Left,Released,374,171
27550,Left,Pressed,374,171
27637,Left,Released,374,171
27734,NoButton,Move,373,171
27749,NoButton,Move,374,172
27757,NoButton,Move,375,174
27772,NoButton,Move,377,177
27789,NoButton,Move,381,180
27806,NoButton,Move,381,183
27823,NoButton,Move,383,186
27839,NoButton,Move,387,192
27856,NoButton,Move,404,207
27873,NoButton,Move,449,238
27889,NoButton,Move,526,282
27906,NoButton,Move,611,326
27923,NoButton,Move,722,380
27939,NoButton,Move,852,444
27956,NoButton,Move,989,514
27973,NoButton,Move,1109,572
27990,NoButton,Move,1213,625
28006,NoButton,Move,1242,641
28023,NoButton,Move,1259,656
28238,NoButton,Move,1247,653
28245,NoButton,Move,1244,648
28256,NoButton,Move,1242,642
28273,NoButton,Move,1238,635
28289,NoButton,Move,1235,625
28306,NoButton,Move,1234,620
28323,NoButton,Move,1234,616
28339,NoButton,Move,1234,615
28356,NoButton,Move,1234,614
28373,NoButton,Move,1234,613
28389,NoButton,Move,1234,612
28406,NoButton,Move,1234,611
28439,Left,Pressed,1234,611
28456,Left,Drag,1235,610
28472,Left,Drag,1236,608
28489,Left,Drag,1238,607
28533,Left,Released,1238,607
28556,NoButton,Move,1238,607
28606,NoButton,Move,1236,605
28622,NoButton,Move,1220,598
28639,NoButton,Move,1199,586
28656,NoButton,Move,1164,564
28673,NoButton,Move,1116,536
28689,NoButton,Move,1080,517
28706,NoButton,Move,1045,498
28723,NoButton,Move,1004,475
28739,NoButton,Move,962,450
28756,NoButton,Move,907,416
28773,NoButton,Move,850,383
28789,NoButton,Move,754,338
28806,NoButton,Move,683,310
28823,NoButton,Move,616,284
28839,NoButton,Move,546,258
28856,NoButton,Move,494,235
28873,NoButton,Move,454,223
28889,NoButton,Move,426,213
28906,NoButton,Move,404,206
28923,NoButton,Move,391,201
28939,NoButton,Move,378,196
28956,NoButton,Move,365,193
28973,NoButton,Move,351,190
28990,NoButton,Move,330,184
29006,NoButton,Move,321,182
29023,NoButton,Move,318,179
29039,NoButton,Move,312,178
29056,NoButton,Move,304,176
29073,NoButton,Move,292,174
29089,NoButton,Move,276,170
29106,NoButton,Move,258,166
29123,NoButton,Move,244,162
29139,NoButton,Move,233,160
29156,NoButton,Move,224,158
29172,NoButton,Move,217,156
29189,NoButton,Move,204,153
29206,NoButton,Move,194,151
29223,NoButton,Move,188,150
29239,NoButton,Move,185,150
29256,NoButton,Move,184,150
29302,Left,Pressed,184,150
29405,Left,Drag,185,151
29501,Left,Released,185,151
29507,NoButton,Move,185,151
29622,Left,Pressed,185,151
29701,Left,Released,185,151
29814,NoButton,Move,186,151
29829,NoButton,Move,188,152
29846,NoButton,Move,190,153
29856,NoButton,Move,192,153
29873,NoButton,Move,200,157
29889,NoButton,Move,220,165
29906,NoButton,Move,261,182
29923,NoButton,Move,331,206
29940,NoButton,Move,412,229
29956,NoButton,Move,499,250
29973,NoButton,Move,586,272
29990,NoButton,Move,718,304
30006,NoButton,Move,783,319
30023,NoButton,Move,819,326
30039,NoButton,Move,845,327
30056,NoButton,Move,871,327
30073,NoButton,Move,893,327
30089,NoButton,Move,908,327
30106,NoButton,Move,914,325
30122,NoButton,Move,919,323
30139,NoButton,Move,925,321
30156,NoButton,Move,929,317
30173,NoButton,Move,931,314
30189,NoButton,Move,932,310
30206,NoButton,Move,934,306
30223,NoButton,Move,935,301
30239,NoButton,Move,935,295
30256,NoButton,Move,935,288
30273,NoButton,Move,935,281
30289,NoButton,Move,933,274
30306,NoButton,Move,930,270
30323,NoButton,Move,926,266
30359,Left,Pressed,926,266
30429,Left,Released,926,266
30517,Left,Pressed,926,266
30581,Left,Released,926,266
30645,NoButton,Move,925,265
30661,NoButton,Move,923,265
30673,NoButton,Move,920,266
30689,NoButton,Move,914,267
30706,NoButton,Move,905,270
30722,NoButton,Move,892,275
30739,NoButton,Move,882,282
30756,NoButton,Move,874,288
30773,NoButton,Move,867,294
30789,NoButton,Move,852,310
30806,NoButton,Move,838,328
30823,NoButton,Move,820,350
30839,NoButton,Move,797,373
30856,NoButton,Move,771,390
30872,NoButton,Move,745,400
30889,NoButton,Move,716,402
30906,NoButton,Move,682,399
30922,NoButton,Move,642,392
30939,NoButton,Move,605,386
30956,NoButton,Move,574,383
30972,NoButton,Move,554,383
30990,NoButton,Move,541,383
31006,NoButton,Move,538,383
31023,NoButton,Move,535,383
31039,NoButton,Move,533,384
31056,NoButton,Move,532,387
31073,NoButton,Move,531,389
31089,NoButton,Move,530,392
31106,NoButton,Move,529,395
31122,NoButton,Move,526,404
31139,NoButton,Move,524,414
31156,NoButton,Move,521,425
31172,NoButton,Move,517,433
31189,NoButton,Move,512,442
31206,NoButton,Move,503,452
31223,NoButton,Move,496,457
31239,NoButton,Move,492,459
31256,NoButton,Move,488,461
31277,NoButton,Move,486,462
31295,Left,Pressed,486,462
31358,Left,Drag,487,462
31373,Left,Drag,491,462
31390,Left,Drag,516,462
31406,Left,Drag,550,464
31423,Left,Drag,597,465
31439,Left,Drag,677,469
31456,Left,Drag,765,471
31473,Left,Drag,838,473
31489,Left,Drag,889,478
31506,Left,Drag,927,484
31523,Left,Drag,953,489
31540,Left,Drag,967,492
31556,Left,Drag,972,492
31573,Left,Drag,974,492
31590,Left,Drag,977,495
31606,Left,Drag,980,497
31623,Left,Drag,984,499
31640,Left,Drag,985,499
31689,Left,Drag,986,501
31706,Left,Drag,983,502
31723,Left,Drag,974,505
31740,Left,Drag,967,509
31756,Left,Drag,964,513
31773,Left,Drag,963,513
31830,Left,Drag,962,514
31877,Left,Drag,962,515
31893,Left,Drag,962,516
31917,Left,Drag,960,518
31918,Left,Released,960,518
31939,NoButton,Move,960,518
31956,NoButton,Move,959,519
31989,NoButton,Move,957,520
32006,NoButton,Move,956,520
32022,NoButton,Move,952,520
32039,NoButton,Move,943,520
32056,NoButton,Move,928,514
32073,NoButton,Move,905,505
32089,NoButton,Move,875,491
32106,NoButton,Move,832,476
32123,NoButton,Move,797,461
32139,NoButton,Move,770,447
32156,NoButton,Move,752,435
32172,NoButton,Move,743,422
32189,NoButton,Move,739,408
32206,NoButton,Move,737,381
32223,NoButton,Move,733,361
32239,NoButton,Move,732,348
32256,NoButton,Move,732,338
32272,NoButton,Move,731,326
32289,NoButton,Move,729,316
32306,NoButton,Move,728,310
32323,NoButton,Move,727,306
32339,NoButton,Move,727,303
32356,NoButton,Move,727,300
32373,NoButton,Move,727,297
32389,NoButton,Move,727,293
32406,NoButton,Move,731,284
32422,NoButton,Move,733,280
32439,NoButton,Move,734,279
32456,NoButton,Move,735,278
32463,Left,Pressed,735,278
32489,Left,Drag,738,279
32506,Left,Drag,744,280
32523,Left,Drag,757,286
32539,Left,Drag,780,295
32556,Left,Drag,818,312
32573,Left,Drag,865,334
32590,Left,Drag,940,373
32606,Left,Drag,978,395
32623,Left,Drag,1005,412
32639,Left,Drag,1024,423
32656,Left,Drag,1035,429
32673,Left,Drag,1040,431
32758,Left,Drag,1041,431
32773,Left,Drag,1042,431
32789,Left,Drag,1045,431
32806,Left,Drag,1046,429
32823,Left,Drag,1047,427
32839,Left,Drag,1047,424
32856,Left,Drag,1047,418
32873,Left,Drag,1047,411
32890,Left,Drag,1046,404
32906,Left,Drag,1046,401
32923,Left,Drag,1045,398
32939,Left,Drag,1044,395
32956,Left,Drag,1043,394
33006,Left,Released,1043,394
33007,NoButton,Move,1043,394
33039,NoButton,Move,1042,393
33056,NoButton,Move,1040,393
33072,NoButton,Move,1033,391
33089,NoButton,Move,1020,390
33106,NoButton,Move,996,385
33123,NoButton,Move,961,378
33139,NoButton,Move,907,367
33156,NoButton,Move,844,356
33173,NoButton,Move,780,341
33189,NoButton,Move,717,330
33206,NoButton,Move,635,307
33222,NoButton,Move,599,300
33239,NoButton,Move,583,296
33256,NoButton,Move,578,296
33272,NoButton,Move,577,296
33289,NoButton,Move,576,296
33306,NoButton,Move,574,296
33323,NoButton,Move,569,296
33339,NoButton,Move,561,297
33356,NoButton,Move,552,297
33373,NoButton,Move,539,297
33389,NoButton,Move,526,297
33406,NoButton,Move,508,299
33422,NoButton,Move,507,300
33446,NoButton,Move,506,300
33486,Left,Pressed,506,300
33506,Left,Drag,506,303
33523,Left,Drag,511,310
33539,Left,Drag,528,327
33556,Left,Drag,556,349
33573,Left,Drag,590,376
33590,Left,Drag,658,429
33606,Left,Drag,710,463
33623,Left,Drag,764,492
33640,Left,Drag,809,512
33656,Left,Drag,837,523
33673,Left,Drag,851,529
33690,Left,Drag,858,531
33706,Left,Drag,861,532
33722,Left,Drag,862,532
33845,Left,Drag,863,531
33873,Left,Drag,865,529
33889,Left,Drag,867,528
33909,Left,Drag,867,527
33923,Left,Drag,867,526
33939,Left,Drag,867,525
33956,Left,Drag,867,524
33966,Left,Drag,867,523
33967,Left,Released,867,523
33989,NoButton,Move,867,521
34006,NoButton,Move,867,520
34022,NoButton,Move,867,518
34039,NoButton,Move,865,514
34056,NoButton,Move,863,512
34072,NoButton,Move,859,506
34089,NoButton,Move,849,498
34106,NoButton,Move,835,488
34122,NoButton,Move,813,475
34139,NoButton,Move,786,458
34189,NoButton,Move,704,395
34206,NoButton,Move,692,382
34222,NoButton,Move,691,381
34239,NoButton,Move,691,380
34256,NoButton,Move,701,380
34272,NoButton,Move,724,380
34289,NoButton,Move,751,387
34306,NoButton,Move,786,395
34322,NoButton,Move,827,411
34339,NoButton,Move,879,432
34356,NoButton,Move,926,449
34373,NoButton,Move,957,462
34389,NoButton,Move,974,468
34406,NoButton,Move,981,472
34422,NoButton,Move,982,472
34439,NoButton,Move,983,472
34456,NoButton,Move,985,472
34472,NoButton,Move,988,472
34489,NoButton,Move,991,472
34506,NoButton,Move,994,472
34523,NoButton,Move,998,472
34539,NoButton,Move,1003,471
34556,NoButton,Move,1006,470
34572,NoButton,Move,1008,468
34597,NoButton,Move,1008,466
34606,NoButton,Move,1007,465
34622,NoButton,Move,1004,462
34639,NoButton,Move,998,459
34656,NoButton,Move,990,456
34672,NoButton,Move,988,456
34689,NoButton,Move,987,455
34717,NoButton,Move,986,455
34733,NoButton,Move,986,454
34772,NoButton,Move,984,454
34926,Left,Pressed,984,454
34997,Left,Released,984,454
35198,NoButton,Move,983,454
35206,NoButton,Move,981,454
35222,NoButton,Move,977,454
35239,NoButton,Move,974,454
35256,NoButton,Move,973,454
35272,NoButton,Move,971,455
35289,NoButton,Move,969,456
35306,NoButton,Move,960,457
35322,NoButton,Move,918,455
35339,NoButton,Move,835,436
35356,NoButton,Move,716,410
35372,NoButton,Move,584,379
35389,NoButton,Move,442,342
35406,NoButton,Move,258,298
35423,NoButton,Move,198,285
35439,NoButton,Move,182,281
35456,NoButton,Move,180,281
35485,NoButton,Move,180,280
35493,NoButton,Move,181,279
35506,NoButton,Move,182,278
35522,NoButton,Move,185,275
35539,NoButton,Move,189,274
35556,NoButton,Move,195,270
35572,NoButton,Move,203,267
35589,NoButton,Move,211,264
35606,NoButton,Move,220,258
35622,NoButton,Move,227,253
35639,NoButton,Move,230,247
35656,NoButton,Move,233,240
35672,NoButton,Move,233,233
35689,NoButton,Move,233,226
35706,NoButton,Move,232,221
35722,NoButton,Move,231,216
35739,NoButton,Move,231,214
35756,NoButton,Move,231,212
35799,Left,Pressed,231,212
35822,Left,Drag,235,212
35840,Left,Drag,252,221
35856,Left,Drag,277,234
35874,Left,Drag,315,251
35890,Left,Drag,383,279
35906,Left,Drag,474,321
35923,Left,Drag,565,366
35940,Left,Drag,654,410
35956,Left,Drag,727,452
35973,Left,Drag,788,489
35990,Left,Drag,849,526
36006,Left,Drag,874,541
36023,Left,Drag,896,553
36039,Left,Drag,915,559
36056,Left,Drag,929,565
36072,Left,Drag,937,566
36089,Left,Drag,944,566
36106,Left,Drag,952,566
36123,Left,Drag,964,566
36139,Left,Drag,974,566
36156,Left,Drag,982,563
36173,Left,Drag,988,560
36189,Left,Drag,1000,556
36206,Left,Drag,1023,546
36223,Left,Drag,1034,541
36239,Left,Drag,1041,538
36256,Left,Drag,1043,536
36272,Left,Drag,1044,535
36289,Left,Drag,1044,532
36306,Left,Drag,1044,530
36323,Left,Drag,1044,529
36339,Left,Drag,1044,528
36357,Left,Drag,1044,527
36381,Left,Drag,1044,526
36390,Left,Drag,1044,525
36454,Left,Released,1044,525
36472,NoButton,Move,1044,525
36534,NoButton,Move,1044,527
36541,NoButton,Move,1044,531
36556,NoButton,Move,1047,536
36572,NoButton,Move,1060,548
36589,NoButton,Move,1081,558
36606,NoButton,Move,1097,566
36710,NoButton,Move,1093,566
36722,NoButton,Move,1084,561
36739,NoButton,Move,1048,538
36756,NoButton,Move,981,502
36772,NoButton,Move,930,470
36789,NoButton,Move,871,444
36806,NoButton,Move,782,406
36822,NoButton,Move,747,391
36839,NoButton,Move,721,382
36856,NoButton,Move,700,372
36872,NoButton,Move,683,362
36889,NoButton,Move,672,355
36906,NoButton,Move,665,350
36922,NoButton,Move,659,345
36939,NoButton,Move,655,339
36956,NoButton,Move,652,335
36972,NoButton,Move,651,333
36990,NoButton,Move,651,330
37005,NoButton,Move,650,326
37022,NoButton,Move,649,320
37039,NoButton,Move,646,316
37055,NoButton,Move,644,312
37072,NoButton,Move,642,308
37089,NoButton,Move,641,308
37106,NoButton,Move,641,307
37150,Left,Pressed,641,307
37229,Left,Released,641,307
37301,Left,Pressed,641,307
37421,Left,Released,641,307
37630,NoButton,Move,641,312
37639,NoButton,Move,645,319
37656,NoButton,Move,663,340
37672,NoButton,Move,699,367
37689,NoButton,Move,738,393
37706,NoButton,Move,780,418
37722,NoButton,Move,827,442
37739,NoButton,Move,871,468
37755,NoButton,Move,908,493
37772,NoButton,Move,935,512
37789,NoButton,Move,956,528
37805,NoButton,Move,977,541
37822,NoButton,Move,993,551
37839,NoButton,Move,1012,561
37855,NoButton,Move,1029,568
37872,NoButton,Move,1041,573
37889,NoButton,Move,1047,574
37905,NoButton,Move,1049,574
37922,NoButton,Move,1050,574
38005,NoButton,Move,1051,574
38022,NoButton,Move,1051,573
38039,NoButton,Move,1051,571
38055,NoButton,Move,1049,566
38072,NoButton,Move,1048,562
38089,NoButton,Move,1046,559
38105,NoButton,Move,1044,555
38122,NoButton,Move,1042,554
38139,NoButton,Move,1041,551
38155,NoButton,Move,1039,549
38172,NoButton,Move,1037,547
38189,NoButton,Move,1036,546
38205,NoButton,Move,1035,545
38222,NoButton,Move,1033,544
38245,NoButton,Move,1032,543
38287,Right,Pressed,1032,543
38382,Right,Released,1032,543
38510,NoButton,Move,1031,543
38556,NoButton,Move,1029,543
38572,NoButton,Move,1025,543
38589,NoButton,Move,1015,540
38605,NoButton,Move,966,518
38622,NoButton,Move,907,488
38639,NoButton,Move,842,460
38656,NoButton,Move,801,444
38672,NoButton,Move,770,437
38689,NoButton,Move,743,432
38705,NoButton,Move,721,430
38722,NoButton,Move,708,430
38739,NoButton,Move,699,430
38755,NoButton,Move,689,430
38772,NoButton,Move,677,430
38789,NoButton,Move,667,430
38806,NoButton,Move,651,430
38822,NoButton,Move,635,428
38839,NoButton,Move,618,427
38855,NoButton,Move,608,427
38872,NoButton,Move,601,427
38889,NoButton,Move,596,427
38906,NoButton,Move,590,427
38922,NoButton,Move,585,427
38939,NoButton,Move,577,426
38956,NoButton,Move,567,424
38972,NoButton,Move,561,423
38989,NoButton,Move,552,422
39005,NoButton,Move,548,422
39022,NoButton,Move,544,422
39039,NoButton,Move,542,422
39079,Right,Pressed,542,422
39173,Right,Released,542,422
39421,NoButton,Move,541,421
39430,NoButton,Move,540,420
39439,NoButton,Move,540,418
39455,NoButton,Move,535,412
39472,NoButton,Move,523,407
39489,NoButton,Move,503,403
39505,NoButton,Move,483,402
39522,NoButton,Move,461,402
39539,NoButton,Move,437,402
39556,NoButton,Move,412,402
39572,NoButton,Move,389,402
39589,NoButton,Move,373,402
39605,NoButton,Move,360,402
39622,NoButton,Move,354,402
39639,NoButton,Move,348,400
39655,NoButton,Move,345,399
39672,NoButton,Move,343,399
39774,Left,Pressed,343,399
39797,Left,Drag,344,399
39822,Left,Drag,373,399
39839,Left,Drag,404,399
39856,Left,Drag,439,399
39873,Left,Drag,484,399
39889,Left,Drag,527,399
39906,Left,Drag,570,399
39922,Left,Drag,601,399
39939,Left,Drag,617,399
39956,Left,Drag,624,398
39972,Left,Drag,628,397
39990,Left,Drag,633,395
40005,Left,Drag,636,394
40022,Left,Drag,638,393
40039,Left,Drag,640,392
40056,Left,Drag,642,390
40072,Left,Drag,647,389
40089,Left,Drag,656,385
40106,Left,Drag,665,383
40122,Left,Drag,671,381
40254,Left,Released,671,381
40272,NoButton,Move,671,381
40325,NoButton,Move,672,381
40339,NoButton,Move,673,381
40357,NoButton,Move,674,382
40372,NoButton,Move,675,383
40389,NoButton,Move,677,386
40405,NoButton,Move,681,391
40422,NoButton,Move,686,396
40439,NoButton,Move,691,401
40455,NoButton,Move,695,404
40472,NoButton,Move,696,406
40493,NoButton,Move,693,406
40505,NoButton,Move,688,404
40522,NoButton,Move,666,396
40539,NoButton,Move,636,385
40555,NoButton,Move,603,376
40572,NoButton,Move,579,373
40589,NoButton,Move,564,373
40605,NoButton,Move,545,373
40622,NoButton,Move,538,373
40639,NoButton,Move,535,373
40656,NoButton,Move,533,373
40672,NoButton,Move,530,374
40689,NoButton,Move,527,376
40705,NoButton,Move,520,378
40722,NoButton,Move,515,382
40739,NoButton,Move,510,385
40755,NoButton,Move,508,386
40861,NoButton,Move,510,386
40872,NoButton,Move,517,382
40889,NoButton,Move,539,368
40905,NoButton,Move,583,337
40922,NoButton,Move,639,299
40939,NoButton,Move,697,264
40955,NoButton,Move,750,238
40972,NoButton,Move,795,220
40989,NoButton,Move,827,206
41005,NoButton,Move,862,193
41022,NoButton,Move,875,187
41039,NoButton,Move,880,185
41056,NoButton,Move,883,183
41072,NoButton,Move,885,182
41141,NoButton,Move,885,181
41156,NoButton,Move,886,180
41172,NoButton,Move,890,178
41189,NoButton,Move,897,173
41205,NoButton,Move,911,157
41222,NoButton,Move,917,146
41239,NoButton,Move,925,137
41255,NoButton,Move,931,130
41272,NoButton,Move,934,128
41289,NoButton,Move,936,127
41327,Left,Pressed,936,127
41365,Left,Drag,935,128
41373,Left,Drag,932,131
41389,Left,Drag,930,134
41406,Left,Drag,914,145
41422,Left,Drag,895,157
41439,Left,Drag,867,174
41456,Left,Drag,824,198
41472,Left,Drag,775,228
41489,Left,Drag,718,261
41506,Left,Drag,665,288
41522,Left,Drag,619,308
41539,Left,Drag,587,319
41556,Left,Drag,565,328
41572,Left,Drag,556,334
41589,Left,Drag,552,337
41605,Left,Drag,550,339
41622,Left,Drag,548,340
41639,Left,Drag,547,341
41656,Left,Drag,543,344
41672,Left,Drag,538,347
41689,Left,Drag,531,351
41706,Left,Drag,525,356
41723,Left,Drag,517,359
41739,Left,Drag,511,361
41755,Left,Drag,506,363
41772,Left,Drag,502,365
41789,Left,Drag,501,365
41806,Left,Drag,498,367
41822,Left,Drag,497,367
41926,Left,Drag,495,367
41939,Left,Drag,495,368
41955,Left,Drag,492,369
41972,Left,Drag,489,372
41989,Left,Drag,486,375
42005,Left,Drag,484,377
42022,Left,Drag,483,377
42039,Left,Drag,481,378
42056,Left,Drag,479,379
42106,Left,Drag,478,379
42285,Left,Released,478,379
42289,NoButton,Move,478,379
42446,NoButton,Move,481,379
42455,NoButton,Move,483,379
42472,NoButton,Move,489,379
42489,NoButton,Move,492,379
42517,NoButton,Move,492,377
42525,NoButton,Move,491,373
42539,NoButton,Move,487,369
42556,NoButton,Move,472,358
42572,NoButton,Move,444,346
42589,NoButton,Move,401,328
42605,NoButton,Move,347,310
42622,NoButton,Move,286,295
42639,NoButton,Move,259,289
42655,NoButton,Move,242,286
42672,NoButton,Move,233,284
42689,NoButton,Move,231,283
42705,NoButton,Move,230,283
42725,NoButton,Move,228,282
42741,NoButton,Move,227,280
42755,NoButton,Move,225,278
42772,NoButton,Move,221,275
42789,NoButton,Move,215,271
42805,NoButton,Move,209,268
42822,NoButton,Move,206,265
42839,NoButton,Move,201,264
42855,NoButton,Move,195,262
42872,NoButton,Move,191,261
42889,NoButton,Move,191,260
42905,NoButton,Move,190,260
43078,Left,Pressed,190,260
43157,Left,Released,190,260
43277,NoButton,Move,191,260
43288,NoButton,Move,194,260
43305,NoButton,Move,201,260
43322,NoButton,Move,211,260
43338,NoButton,Move,221,260
43355,NoButton,Move,242,263
43372,NoButton,Move,277,269
43389,NoButton,Move,342,278
43405,NoButton,Move,458,282
43422,NoButton,Move,542,282
43439,NoButton,Move,646,282
43455,NoButton,Move,773,282
43472,NoButton,Move,897,282
43489,NoButton,Move,997,282
43505,NoButton,Move,1076,282
43522,NoButton,Move,1135,282
43538,NoButton,Move,1174,282
43555,NoButton,Move,1199,280
43572,NoButton,Move,1212,280
43589,NoButton,Move,1224,280
43606,NoButton,Move,1234,280
43622,NoButton,Move,1236,279
43638,NoButton,Move,1238,279
43655,NoButton,Move,1242,279
43672,NoButton,Move,1246,279
43689,NoButton,Move,1248,279
43705,NoButton,Move,1249,279
43755,NoButton,Move,1241,279
43772,NoButton,Move,1226,278
43788,NoButton,Move,1218,278
43805,NoButton,Move,1212,278
43822,NoButton,Move,1210,278
43838,NoButton,Move,1207,278
43919,Right,Pressed,1207,278
44045,Right,Released,1207,278
44600,Left,Pressed,1169,249
44607,Left,Drag,1169,249
44622,Left,Drag,1169,249
44653,Left,Released,1169,249
44672,NoButton,Move,1169,249
44757,Left,Pressed,1169,249
44821,Left,Released,1169,249
45030,NoButton,Move,1166,250
45038,NoButton,Move,1162,251
45055,NoButton,Move,1150,253
45072,NoButton,Move,1128,256
45089,NoButton,Move,1094,256
45105,NoButton,Move,1032,256
45122,NoButton,Move,957,256
45138,NoButton,Move,898,256
45155,NoButton,Move,862,255
45172,NoButton,Move,839,253
45189,NoButton,Move,826,252
45205,NoButton,Move,816,252
45222,NoButton,Move,812,250
45238,NoButton,Move,808,249
45255,NoButton,Move,797,247
45272,NoButton,Move,785,245
45289,NoButton,Move,775,243
45305,NoButton,Move,772,242
45322,NoButton,Move,770,242
45338,NoButton,Move,768,242
45355,NoButton,Move,766,240
45372,NoButton,Move,763,239
45389,NoButton,Move,759,238
45405,NoButton,Move,751,235
45422,NoButton,Move,742,232
45438,NoButton,Move,731,230
45455,NoButton,Move,719,226
45472,NoButton,Move,714,224
45489,NoButton,Move,713,224
45599,Left,Pressed,713,224
45685,Left,Released,713,224
45918,NoButton,Move,712,224
45925,NoButton,Move,711,225
45938,NoButton,Move,710,227
45955,NoButton,Move,708,240
45972,NoButton,Move,704,260
45989,NoButton,Move,699,282
46005,NoButton,Move,691,306
46022,NoButton,Move,668,335
46039,NoButton,Move,646,342
46055,NoButton,Move,619,343
46072,NoButton,Move,577,329
46089,NoButton,Move,513,304
46106,NoButton,Move,434,263
46122,NoButton,Move,348,219
46139,NoButton,Move,273,184
46155,NoButton,Move,228,166
46172,NoButton,Move,206,155
46189,NoButton,Move,194,149
46205,NoButton,Move,189,146
46237,NoButton,Move,189,145
46381,NoButton,Move,190,145
46390,NoButton,Move,192,145
46405,NoButton,Move,196,148
46422,NoButton,Move,216,156
46439,NoButton,Move,230,163
46455,NoButton,Move,241,170
46472,NoButton,Move,249,175
46488,NoButton,Move,254,178
46505,NoButton,Move,255,179
46526,NoButton,Move,256,179
46550,NoButton,Move,258,180
46588,NoButton,Move,259,181
46607,NoButton,Move,260,183
46607,Left,Pressed,260,183
46622,Left,Drag,262,185
46639,Left,Drag,268,192
46655,Left,Drag,280,203
46672,Left,Drag,297,216
46689,Left,Drag,321,235
46706,Left,Drag,357,260
46722,Left,Drag,399,287
46739,Left,Drag,446,321
46755,Left,Drag,499,361
46773,Left,Drag,550,400
46789,Left,Drag,582,426
46805,Left,Drag,601,442
46822,Left,Drag,618,455
46840,Left,Drag,627,462
46856,Left,Drag,629,463
46905,Left,Drag,631,463
46922,Left,Drag,635,466
46939,Left,Drag,642,469
46955,Left,Drag,647,470
46972,Left,Drag,648,471
47142,Left,Drag,648,472
47172,Left,Drag,651,473
47174,Left,Released,651,473
47205,NoButton,Move,651,473
47270,NoButton,Move,650,473
47277,NoButton,Move,648,469
47288,NoButton,Move,644,464
47305,NoButton,Move,630,451
47322,NoButton,Move,611,433
47338,NoButton,Move,590,416
47355,NoButton,Move,575,402
47372,NoButton,Move,569,395
47388,NoButton,Move,568,391
47405,NoButton,Move,570,382
47422,NoButton,Move,593,364
47438,NoButton,Move,618,349
47455,NoButton,Move,655,330
47472,NoButton,Move,700,309
47488,NoButton,Move,751,290
47505,NoButton,Move,793,272
47522,NoButton,Move,826,258
47538,NoButton,Move,848,246
47555,NoButton,Move,862,236
47572,NoButton,Move,872,228
47588,NoButton,Move,881,220
47605,NoButton,Move,886,216
47622,NoButton,Move,893,209
47639,NoButton,Move,894,204
47655,NoButton,Move,897,201
47672,NoButton,Move,899,197
47688,NoButton,Move,901,192
47705,NoButton,Move,903,189
47722,NoButton,Move,903,187
47738,NoButton,Move,904,185
47755,NoButton,Move,905,182
47772,NoButton,Move,907,178
47788,NoButton,Move,910,175
47805,NoButton,Move,915,171
47822,NoButton,Move,920,165
47838,NoButton,Move,923,161
47855,NoButton,Move,927,156
47872,NoButton,Move,930,153
47888,NoButton,Move,933,152
47934,Left,Pressed,933,152
48013,Left,Released,933,152
48253,NoButton,Move,935,152
48261,NoButton,Move,939,154
48272,NoButton,Move,946,159
48288,NoButton,Move,963,166
48305,NoButton,Move,983,172
48322,NoButton,Move,1014,179
48339,NoButton,Move,1057,187
48355,NoButton,Move,1098,190
48372,NoButton,Move,1130,190
48388,NoButton,Move,1155,190
48405,NoButton,Move,1179,187
48422,NoButton,Move,1209,181
48438,NoButton,Move,1220,179
48455,NoButton,Move,1225,176
48472,NoButton,Move,1229,174
48488,NoButton,Move,1232,173
48505,NoButton,Move,1234,172
48522,NoButton,Move,1238,169
48538,NoButton,Move,1244,166
48555,NoButton,Move,1248,164
48572,NoButton,Move,1250,163
48670,Left,Pressed,1250,163
48749,Left,Released,1250,163
48781,NoButton,Move,1248,163
48790,NoButton,Move,1245,164
48805,NoButton,Move,1242,166
48822,NoButton,Move,1224,172
48838,NoButton,Move,1208,180
48855,NoButton,Move,1186,190
48872,NoButton,Move,1158,201
48888,NoButton,Move,1117,219
48905,NoButton,Move,1061,235
48922,NoButton,Move,997,250
48938,NoButton,Move,934,261
48955,NoButton,Move,880,273
48972,NoButton,Move,849,280
48989,NoButton,Move,832,285
49005,NoButton,Move,823,288
49022,NoButton,Move,818,294
49039,NoButton,Move,817,301
49055,NoButton,Move,818,314
49072,NoButton,Move,823,331
49088,NoButton,Move,833,350
49105,NoButton,Move,850,369
49122,NoButton,Move,874,392
49138,NoButton,Move,914,419
49155,NoButton,Move,964,446
49172,NoButton,Move,1021,478
49188,NoButton,Move,1078,508
49205,NoButton,Move,1127,531
49222,NoButton,Move,1171,549
49239,NoButton,Move,1190,557
49255,NoButton,Move,1202,562
49273,NoButton,Move,1208,564
49382,NoButton,Move,1209,564
49397,NoButton,Move,1209,563
49405,NoButton,Move,1209,561
49422,NoButton,Move,1209,557
49438,NoButton,Move,1209,555
49461,NoButton,Move,1209,554
49487,Left,Pressed,1209,554
49505,Left,Drag,1208,553
49522,Left,Drag,1204,551
49539,Left,Drag,1196,546
49555,Left,Drag,1179,537
49572,Left,Drag,1155,530
49589,Left,Drag,1129,523
49605,Left,Drag,1090,517
49622,Left,Drag,1065,514
49639,Left,Drag,1041,513
49655,Left,Drag,1016,509
49672,Left,Drag,1000,509
49689,Left,Drag,985,507
49705,Left,Drag,978,507
49722,Left,Drag,972,507
49738,Left,Drag,965,507
49755,Left,Drag,957,507
49772,Left,Drag,951,507
49789,Left,Drag,947,507
49805,Left,Drag,946,507
49822,Left,Drag,945,507
49893,Left,Drag,944,507
49957,Left,Released,944,507
49972,NoButton,Move,944,507
50350,NoButton,Move,945,507
50358,NoButton,Move,946,506
50371,NoButton,Move,947,505
50422,Left,Pressed,947,505
50439,Left,Drag,949,505
50455,Left,Drag,952,505
50472,Left,Drag,960,508
50488,Left,Drag,969,510
50505,Left,Drag,976,513
50522,Left,Drag,983,514
50538,Left,Drag,986,515
50555,Left,Drag,987,515
50742,Left,Released,987,515
50772,NoButton,Move,985,515
50789,NoButton,Move,982,515
50805,NoButton,Move,979,515
50822,NoButton,Move,976,515
50838,NoButton,Move,974,515
50861,NoButton,Move,973,515
50983,Left,Pressed,973,515
51022,Left,Drag,972,515
51053,Left,Drag,971,515
51072,Left,Drag,970,515
51088,Left,Drag,968,517
51174,Left,Drag,967,517
51190,Left,Drag,966,517
51318,Left,Released,966,517
51338,NoButton,Move,966,517
51526,NoButton,Move,965,517
51538,NoButton,Move,964,517
51555,NoButton,Move,958,514
51572,NoButton,Move,947,505
51588,NoButton,Move,929,487
51605,NoButton,Move,903,453
51621,NoButton,Move,858,387
51638,NoButton,Move,835,335
51655,NoButton,Move,815,284
51672,NoButton,Move,805,245
51688,NoButton,Move,801,212
51705,NoButton,Move,799,190
51722,NoButton,Move,799,175
51738,NoButton,Move,799,169
51755,NoButton,Move,799,167
51862,NoButton,Move,798,166
51872,NoButton,Move,797,166
51888,NoButton,Move,787,164
51905,NoButton,Move,767,163
51922,NoButton,Move,739,163
51938,NoButton,Move,682,163
51955,NoButton,Move,578,163
51971,NoButton,Move,457,163
51989,NoButton,Move,350,163
52005,NoButton,Move,271,164
52022,NoButton,Move,220,173
52038,NoButton,Move,208,179
52055,NoButton,Move,203,183
52072,NoButton,Move,202,187
52088,NoButton,Move,200,191
52105,NoButton,Move,198,195
52121,NoButton,Move,196,200
52138,NoButton,Move,196,204
52155,NoButton,Move,194,210
52172,NoButton,Move,192,216
52188,NoButton,Move,189,224
52205,NoButton,Move,187,231
52222,NoButton,Move,187,238
52238,NoButton,Move,187,240
52255,NoButton,Move,187,242
52272,NoButton,Move,187,244
52288,NoButton,Move,187,246
52305,NoButton,Move,187,249
52320,NoButton,Move,187,251
52320,Left,Pressed,187,251
52338,Left,Drag,187,252
52355,Left,Drag,187,253
52372,Left,Drag,190,253
52389,Left,Drag,204,253
52405,Left,Drag,231,253
52422,Left,Drag,316,253
52439,Left,Drag,404,242
52455,Left,Drag,491,223
52472,Left,Drag,581,199
52489,Left,Drag,661,183
52505,Left,Drag,728,169
52522,Left,Drag,782,157
52539,Left,Drag,821,149
52555,Left,Drag,840,146
52572,Left,Drag,846,144
52622,Left,Drag,847,143
52638,Left,Drag,843,142
52655,Left,Drag,829,137
52672,Left,Drag,819,136
52688,Left,Drag,814,136
52705,Left,Drag,811,136
52765,Left,Drag,808,136
52781,Left,Drag,806,137
52790,Left,Drag,804,137
52822,Left,Drag,799,140
52838,Left,Drag,798,140
52855,Left,Drag,795,141
52872,Left,Drag,793,143
52888,Left,Drag,792,143
52905,Left,Drag,791,143
52922,Left,Drag,789,144
52938,Left,Drag,788,145
52955,Left,Drag,788,146
52988,Left,Drag,788,147
53006,Left,Drag,788,148
53007,Left,Released,788,148
53022,NoButton,Move,788,149
53038,NoButton,Move,788,151
53055,NoButton,Move,788,155
53071,NoButton,Move,787,162
53088,NoButton,Move,785,168
53105,NoButton,Move,783,174
53122,NoButton,Move,782,181
53138,NoButton,Move,781,186
53155,NoButton,Move,778,192
53172,NoButton,Move,774,200
53189,NoButton,Move,771,208
53205,NoButton,Move,769,214
53222,NoButton,Move,760,222
53238,NoButton,Move,748,229
53255,NoButton,Move,730,236
53271,NoButton,Move,712,243
53288,NoButton,Move,698,247
53305,NoButton,Move,690,248
53321,NoButton,Move,686,248
53338,NoButton,Move,683,248
53355,NoButton,Move,681,245
53371,NoButton,Move,677,237
53388,NoButton,Move,670,229
53405,NoButton,Move,664,222
53421,NoButton,Move,661,216
53438,NoButton,Move,659,214
53551,Left,Pressed,659,214
53613,Left,Drag,659,213
53629,Left,Drag,660,213
53638,Left,Drag,662,213
53638,Left,Released,662,213
53655,NoButton,Move,663,213
53736,Left,Pressed,663,213
53822,Left,Released,663,213
53966,NoButton,Move,664,213
53973,NoButton,Move,666,213
53989,NoButton,Move,666,214
54005,NoButton,Move,670,218
54021,NoButton,Move,679,223
54038,NoButton,Move,686,226
54055,NoButton,Move,695,230
54072,NoButton,Move,702,233
54359,Left,Pressed,702,233
54437,Left,Released,702,233
54701,NoButton,Move,701,233
54709,NoButton,Move,699,233
54721,NoButton,Move,699,230
54738,NoButton,Move,695,226
54755,NoButton,Move,693,222
54771,NoButton,Move,693,221
54815,Left,Pressed,693,221
54885,Left,Released,693,221
54941,Left,Pressed,693,221
55037,Left,Released,693,221
55262,NoButton,Move,692,220
55271,NoButton,Move,691,220
55288,NoButton,Move,685,221
55305,NoButton,Move,676,225
55321,NoButton,Move,663,233
55338,NoButton,Move,645,250
55355,NoButton,Move,626,271
55371,NoButton,Move,613,287
55388,NoButton,Move,608,297
55405,NoButton,Move,606,300
55421,NoButton,Move,606,301
55525,NoButton,Move,605,302
55538,NoButton,Move,605,303
55550,NoButton,Move,605,304
55550,Left,Pressed,605,304
55572,Left,Drag,604,306
55589,Left,Drag,603,308
55605,Left,Drag,598,313
55621,Left,Drag,578,327
55639,Left,Drag,551,342
55655,Left,Drag,518,364
55671,Left,Drag,479,396
55688,Left,Drag,449,431
55705,Left,Drag,421,464
55721,Left,Drag,398,492
55738,Left,Drag,386,513
55755,Left,Drag,377,527
55771,Left,Drag,369,538
55788,Left,Drag,365,546
55805,Left,Drag,363,550
55821,Left,Drag,361,552
55872,Left,Drag,357,553
55888,Left,Drag,352,555
55905,Left,Drag,342,557
55922,Left,Drag,331,560
55938,Left,Drag,322,564
55955,Left,Drag,311,568
55972,Left,Drag,303,572
55989,Left,Drag,297,575
56005,Left,Drag,294,576
56022,Left,Drag,290,576
56038,Left,Drag,286,576
56055,Left,Drag,281,576
56071,Left,Drag,276,576
56088,Left,Drag,271,576
56105,Left,Drag,264,576
56122,Left,Drag,257,575
56138,Left,Drag,253,574
56155,Left,Drag,251,574
56171,Left,Drag,248,573
56188,Left,Drag,247,572
56205,Left,Drag,246,571
56301,Left,Drag,245,571
56350,Left,Released,245,571
56371,NoButton,Move,245,571
56429,NoButton,Move,245,570
56438,NoButton,Move,245,569
56455,NoButton,Move,249,565
56471,NoButton,Move,259,559
56488,NoButton,Move,278,547
56505,NoButton,Move,303,531
56521,NoButton,Move,340,512
56538,NoButton,Move,382,485
56555,NoButton,Move,429,460
56571,NoButton,Move,487,436
56588,NoButton,Move,554,408
56605,NoButton,Move,616,383
56621,NoButton,Move,697,351
56638,NoButton,Move,758,328
56655,NoButton,Move,812,306
56671,NoButton,Move,839,296
56688,NoButton,Move,851,290
56705,NoButton,Move,857,287
56721,NoButton,Move,858,285
56738,NoButton,Move,859,284
56806,NoButton,Move,859,282
56821,NoButton,Move,859,280
56838,NoButton,Move,855,279
56855,NoButton,Move,851,278
56871,NoButton,Move,847,275
56888,NoButton,Move,844,273
56904,NoButton,Move,842,272
56950,Left,Pressed,842,272
57029,Left,Released,842,272
57046,NoButton,Move,842,271
57055,NoButton,Move,842,270
57119,Left,Pressed,842,270
57199,Left,Released,842,270
57326,NoButton,Move,842,269
57338,NoButton,Move,841,269
57355,NoButton,Move,836,269
57371,NoButton,Move,831,270
57388,NoButton,Move,825,271
57405,NoButton,Move,822,273
57421,NoButton,Move,806,278
57438,NoButton,Move,780,283
57455,NoButton,Move,735,295
57471,NoButton,Move,674,309
57488,NoButton,Move,594,328
57505,NoButton,Move,503,352
57521,NoButton,Move,417,384
57538,NoButton,Move,348,416
57555,NoButton,Move,298,443
57571,NoButton,Move,271,460
57588,NoButton,Move,252,472
57604,NoButton,Move,237,483
57621,NoButton,Move,219,500
57638,NoButton,Move,208,512
57654,NoButton,Move,196,525
57671,NoButton,Move,184,534
57688,NoButton,Move,176,542
57704,NoButton,Move,166,548
57721,NoButton,Move,159,552
57738,NoButton,Move,155,555
57754,NoButton,Move,154,556
57886,Left,Pressed,154,556
57942,Left,Drag,153,557
57973,Left,Released,153,557
58004,NoButton,Move,153,557
58046,Left,Pressed,153,557
58141,Left,Released,153,557
58173,NoButton,Move,153,556
58188,NoButton,Move,154,556
58204,NoButton,Move,159,552
58221,NoButton,Move,170,546
58238,NoButton,Move,198,535
58254,NoButton,Move,221,525
58271,NoButton,Move,249,516
58288,NoButton,Move,275,508
58304,NoButton,Move,292,502
58321,NoButton,Move,303,497
58338,NoButton,Move,315,495
58354,NoButton,Move,335,490
58371,NoButton,Move,360,481
58388,NoButton,Move,385,468
58404,NoButton,Move,400,456
58421,NoButton,Move,403,445
58438,NoButton,Move,401,440
58454,NoButton,Move,387,435
58471,NoButton,Move,360,428
58487,NoButton,Move,327,422
58504,NoButton,Move,301,415
58521,NoButton,Move,281,406
58538,NoButton,Move,274,402
58554,NoButton,Move,272,399
58571,NoButton,Move,270,396
58588,NoButton,Move,269,394
58604,NoButton,Move,268,390
58621,NoButton,Move,266,388
58638,NoButton,Move,264,383
58654,NoButton,Move,262,380
58671,NoButton,Move,260,378
58688,NoButton,Move,259,377
58704,NoButton,Move,259,376
58721,NoButton,Move,259,375
58734,NoButton,Move,259,374
58734,Left,Pressed,259,374
58754,Left,Drag,259,373
58772,Left,Drag,258,372
58829,Left,Released,258,372
58839,NoButton,Move,258,372
58911,Left,Pressed,258,372
59028,Left,Released,258,372
59133,NoButton,Move,259,372
59141,NoButton,Move,260,371
59154,NoButton,Move,261,371
59171,NoButton,Move,266,371
59187,NoButton,Move,270,370
59253,NoButton,Move,271,370
59261,NoButton,Move,272,370
59271,NoButton,Move,273,373
59287,NoButton,Move,275,383
59305,NoButton,Move,275,399
59321,NoButton,Move,275,422
59337,NoButton,Move,275,447
59354,NoButton,Move,274,473
59371,NoButton,Move,272,494
59387,NoButton,Move,268,511
59404,NoButton,Move,266,524
59421,NoButton,Move,263,533
59438,NoButton,Move,263,535
59454,NoButton,Move,263,536
59494,Left,Pressed,263,536
59597,Left,Released,263,536
59669,Left,Pressed,263,536
59765,Left,Released,263,536
59861,NoButton,Move,263,537
59877,NoButton,Move,264,537
59888,NoButton,Move,266,536
59904,NoButton,Move,271,534
59921,NoButton,Move,282,530
59938,NoButton,Move,292,526
59954,NoButton,Move,304,522
59971,NoButton,Move,318,517
59988,NoButton,Move,343,506
60004,NoButton,Move,383,492
60021,NoButton,Move,464,462
60037,NoButton,Move,534,438
60054,NoButton,Move,618,417
60071,NoButton,Move,705,393
60087,NoButton,Move,779,375
60104,NoButton,Move,849,362
60121,NoButton,Move,914,347
60137,NoButton,Move,974,334
60154,NoButton,Move,1007,322
60171,NoButton,Move,1021,317
60188,NoButton,Move,1028,313
60204,NoButton,Move,1032,310
60221,NoButton,Move,1036,309
60238,NoButton,Move,1037,307
60254,NoButton,Move,1038,307
60271,NoButton,Move,1040,306
60287,NoButton,Move,1042,305
60304,NoButton,Move,1046,304
60321,NoButton,Move,1059,302
60338,NoButton,Move,1071,300
60354,NoButton,Move,1081,298
60371,NoButton,Move,1093,296
60388,NoButton,Move,1102,296
60404,NoButton,Move,1110,296
60421,NoButton,Move,1116,295
60437,NoButton,Move,1118,295
60454,NoButton,Move,1119,295
60471,NoButton,Move,1120,294
60622,Left,Pressed,1120,294
60685,Left,Released,1120,294
60941,NoButton,Move,1118,295
60954,NoButton,Move,1115,295
60971,NoButton,Move,1108,302
60988,NoButton,Move,1094,317
61004,NoButton,Move,1077,338
61021,NoButton,Move,1059,361
61037,NoButton,Move,1034,395
61054,NoButton,Move,1018,419
61071,NoButton,Move,1005,441
61088,NoButton,Move,996,457
61104,NoButton,Move,994,463
61121,NoButton,Move,991,465
61221,NoButton,Move,991,466
61237,NoButton,Move,990,467
61255,Left,Pressed,990,467
61317,Left,Drag,989,468
61349,Left,Released,989,468
61371,NoButton,Move,988,468
61387,NoButton,Move,988,469
61413,NoButton,Move,987,470
61525,NoButton,Move,986,470
61571,NoButton,Move,986,471
61637,NoButton,Move,989,470
61654,NoButton,Move,1003,462
61671,NoButton,Move,1025,446
61687,NoButton,Move,1052,431
61704,NoButton,Move,1092,409
61721,NoButton,Move,1131,385
61737,NoButton,Move,1160,370
61754,NoButton,Move,1178,360
61771,NoButton,Move,1187,355
61787,NoButton,Move,1188,353
61804,NoButton,Move,1189,353
61821,NoButton,Move,1190,353
61871,NoButton,Move,1193,351
61887,NoButton,Move,1198,349
61904,NoButton,Move,1203,347
61921,NoButton,Move,1208,346
61937,NoButton,Move,1213,346
61943,NoButton,Move,1215,346
61943,Left,Pressed,1215,346
61971,Left,Drag,1218,345
61988,Left,Drag,1220,345
62004,Left,Drag,1221,344
62021,Left,Drag,1222,344
62077,Left,Released,1222,344
62088,NoButton,Move,1222,344
62173,NoButton,Move,1221,344
62187,NoButton,Move,1217,345
62204,NoButton,Move,1205,349
62221,NoButton,Move,1179,353
62237,NoButton,Move,1103,355
62254,NoButton,Move,1002,355
62271,NoButton,Move,882,355
62287,NoButton,Move,760,364
62304,NoButton,Move,677,380
62321,NoButton,Move,645,395
62337,NoButton,Move,636,405
62354,NoButton,Move,635,414
62371,NoButton,Move,642,428
62387,NoButton,Move,653,447
62404,NoButton,Move,670,468
62421,NoButton,Move,700,498
62437,NoButton,Move,726,517
62454,NoButton,Move,753,534
62471,NoButton,Move,783,548
62487,NoButton,Move,814,562
62504,NoButton,Move,842,572
62521,NoButton,Move,869,580
62537,NoButton,Move,893,585
62554,NoButton,Move,911,589
62571,NoButton,Move,921,592
62587,NoButton,Move,923,592
62604,NoButton,Move,924,592
62741,NoButton,Move,926,592
62754,NoButton,Move,927,591
62771,NoButton,Move,929,588
62787,NoButton,Move,930,586
62822,Right,Pressed,930,586
62869,Right,Drag,930,585
62876,Right,Drag,931,584
62893,Right,Released,931,584
62921,NoButton,Move,931,584
63004,NoButton,Move,930,583
63021,NoButton,Move,928,581
63037,NoButton,Move,916,575
63054,NoButton,Move,898,565
63071,NoButton,Move,873,551
63087,NoButton,Move,833,526
63104,NoButton,Move,768,486
63121,NoButton,Move,722,454
63137,NoButton,Move,701,441
63154,NoButton,Move,698,439
63181,NoButton,Move,699,437
63189,NoButton,Move,703,437
63204,NoButton,Move,712,437
63221,NoButton,Move,736,442
63237,NoButton,Move,781,450
63254,NoButton,Move,812,460
63271,NoButton,Move,844,472
63287,NoButton,Move,872,484
63304,NoButton,Move,894,493
63321,NoButton,Move,905,500
63337,NoButton,Move,909,502
63354,NoButton,Move,912,504
63512,Left,Pressed,912,504
63589,Left,Released,912,504
63677,Left,Pressed,912,504
63765,Left,Released,912,504
63821,NoButton,Move,912,505
63837,NoButton,Move,907,504
63854,NoButton,Move,902,501
63871,NoButton,Move,894,499
63887,NoButton,Move,888,496
63904,NoButton,Move,883,492
63921,NoButton,Move,875,487
63937,NoButton,Move,869,484
63954,NoButton,Move,866,481
63971,NoButton,Move,864,478
63988,NoButton,Move,864,471
64004,NoButton,Move,867,452
64021,NoButton,Move,878,427
64037,NoButton,Move,899,387
64054,NoButton,Move,919,359
64071,NoButton,Move,940,334
64087,NoButton,Move,957,313
64104,NoButton,Move,971,291
64121,NoButton,Move,984,272
64137,NoButton,Move,993,257
64154,NoButton,Move,1001,247
64171,NoButton,Move,1007,239
64187,NoButton,Move,1012,233
64204,NoButton,Move,1015,228
64221,NoButton,Move,1018,224
64237,NoButton,Move,1019,222
64254,NoButton,Move,1019,221
64271,NoButton,Move,1020,219
64287,NoButton,Move,1023,215
64304,NoButton,Move,1025,208
64321,NoButton,Move,1028,200
64337,NoButton,Move,1029,198
64354,NoButton,Move,1030,197
64383,Left,Pressed,1030,197
64453,Left,Drag,1031,197
64453,Left,Released,1031,197
64471,NoButton,Move,1031,197
64557,NoButton,Move,1029,197
64571,NoButton,Move,1027,197
64587,NoButton,Move,1022,201
64604,NoButton,Move,1016,205
64621,NoButton,Move,1008,210
64637,NoButton,Move,997,219
64654,NoButton,Move,983,227
64670,NoButton,Move,961,235
64687,NoButton,Move,930,242
64704,NoButton,Move,880,254
64721,NoButton,Move,805,266
64737,NoButton,Move,729,268
64754,NoButton,Move,648,268
64772,NoButton,Move,572,268
64788,NoButton,Move,532,269
64804,NoButton,Move,508,273
64821,NoButton,Move,497,275
64837,NoButton,Move,491,277
64854,NoButton,Move,488,279
64871,NoButton,Move,481,283
64887,NoButton,Move,473,288
64904,NoButton,Move,459,296
64921,NoButton,Move,444,306
64937,NoButton,Move,431,315
64954,NoButton,Move,422,322
64971,NoButton,Move,412,328
64988,NoButton,Move,399,335
65004,NoButton,Move,387,342
65021,NoButton,Move,380,347
65037,NoButton,Move,376,350
65054,NoButton,Move,375,350
65071,NoButton,Move,374,351
65111,NoButton,Move,373,351
65111,Right,Pressed,373,351
65245,Right,Released,373,351
65381,NoButton,Move,375,351
65397,NoButton,Move,376,351
65405,NoButton,Move,378,351
65421,NoButton,Move,379,351
65437,NoButton,Move,382,351
65454,NoButton,Move,383,351
65471,NoButton,Move,389,350
65487,NoButton,Move,394,350
65504,NoButton,Move,405,350
65521,NoButton,Move,416,350
65537,NoButton,Move,440,350
65554,NoButton,Move,480,350
65570,NoButton,Move,535,350
65587,NoButton,Move,594,350
65604,NoButton,Move,660,351
65621,NoButton,Move,723,360
65637,NoButton,Move,790,374
65654,NoButton,Move,814,379
65671,NoButton,Move,824,381
65720,NoButton,Move,820,378
65737,NoButton,Move,804,368
65754,NoButton,Move,777,353
65771,NoButton,Move,739,333
65787,NoButton,Move,707,319
65804,NoButton,Move,680,308
65820,NoButton,Move,665,305
65837,NoButton,Move,652,302
65854,NoButton,Move,647,301
65870,NoButton,Move,643,299
65887,NoButton,Move,638,297
65904,NoButton,Move,632,296
65920,NoButton,Move,629,296
65937,NoButton,Move,626,295
65954,NoButton,Move,624,294
65971,NoButton,Move,622,293
